Workbook

Sheet test
A1: Input:
A2: ..@@.@@@@. | B2: {=_xlfn.REGEXEXTRACT(A2,".",1)} -> . | C2: . | D2: @ | E2: @ | F2: . | G2: @ | H2: @ | I2: @ | J2: @ | K2: .
A3: @@@.@.@.@@ | B3: {=_xlfn.REGEXEXTRACT(A3,".",1)} -> @ | C3: @ | D3: @ | E3: . | F3: @ | G3: . | H3: @ | I3: . | J3: @ | K3: @
A4: @@@@@.@.@@ | B4: {=_xlfn.REGEXEXTRACT(A4,".",1)} -> @ | C4: @ | D4: @ | E4: @ | F4: @ | G4: . | H4: @ | I4: . | J4: @ | K4: @
A5: @.@@@@..@. | B5: {=_xlfn.REGEXEXTRACT(A5,".",1)} -> @ | C5: . | D5: @ | E5: @ | F5: @ | G5: @ | H5: . | I5: . | J5: @ | K5: .
A6: @@.@@@@.@@ | B6: {=_xlfn.REGEXEXTRACT(A6,".",1)} -> @ | C6: @ | D6: . | E6: @ | F6: @ | G6: @ | H6: @ | I6: . | J6: @ | K6: @
A7: .@@@@@@@.@ | B7: {=_xlfn.REGEXEXTRACT(A7,".",1)} -> . | C7: @ | D7: @ | E7: @ | F7: @ | G7: @ | H7: @ | I7: @ | J7: . | K7: @
A8: .@.@.@.@@@ | B8: {=_xlfn.REGEXEXTRACT(A8,".",1)} -> . | C8: @ | D8: . | E8: @ | F8: . | G8: @ | H8: . | I8: @ | J8: @ | K8: @
A9: @.@@@.@@@@ | B9: {=_xlfn.REGEXEXTRACT(A9,".",1)} -> @ | C9: . | D9: @ | E9: @ | F9: @ | G9: . | H9: @ | I9: @ | J9: @ | K9: @
A10: .@@@@@@@@. | B10: {=_xlfn.REGEXEXTRACT(A10,".",1)} -> . | C10: @ | D10: @ | E10: @ | F10: @ | G10: @ | H10: @ | I10: @ | J10: @ | K10: .
A11: @.@.@@@.@. | B11: {=_xlfn.REGEXEXTRACT(A11,".",1)} -> @ | C11: . | D11: @ | E11: . | F11: @ | G11: @ | H11: @ | I11: . | J11: @ | K11: .

Sheet input
A1: Input:
A2: .@@@@@...@.@@@@@@@@@@.@@@@@@@.@.@.@@@@@@@@@@@@@..@.@@@.@@@@@@..@.@..@.@@...@.@@@@..@@@@....@@@.@@@..@.@.@.@@.@.@@@.@@@.@@@@@.@.@......@...@@ | C2: {=_xlfn.REGEXEXTRACT(A2,".",1)} -> . | D2: @ | E2: @ | F2: @ | G2: @ | H2: @ | I2: . | J2: . | K2: . | L2: @ | M2: . | N2: @ | O2: @ | P2: @ | Q2: @ | R2: @ | S2: @ | T2: @ | U2: @ | V2: @ | W2: @ | X2: . | Y2: @ | Z2: @ | AA2: @ | AB2: @ | AC2: @ | AD2: @ | AE2: @ | AF2: . | AG2: @ | AH2: . | AI2: @ | AJ2: . | AK2: @ | AL2: @ | AM2: @ | AN2: @ | AO2: @ | AP2: @ | AQ2: @ | AR2: @ | AS2: @ | AT2: @ | AU2: @ | AV2: @ | AW2: @ | AX2: . | AY2: . | AZ2: @ | BA2: . | BB2: @ | BC2: @ | BD2: @ | BE2: . | BF2: @ | BG2: @ | BH2: @ | BI2: @ | BJ2: @ | BK2: @ | BL2: . | BM2: . | BN2: @ | BO2: . | BP2: @ | BQ2: . | BR2: . | BS2: @ | BT2: . | BU2: @ | BV2: @ | BW2: . | BX2: . | BY2: . | BZ2: @ | CA2: . | CB2: @ | CC2: @ | CD2: @ | CE2: @ | CF2: . | CG2: . | CH2: @ | CI2: @ | CJ2: @ | CK2: @ | CL2: . | CM2: . | CN2: . | CO2: . | CP2: @ | CQ2: @ | CR2: @ | CS2: . | CT2: @ | CU2: @ | CV2: @ | CW2: . | CX2: . | CY2: @ | CZ2: . | DA2: @ | DB2: . | DC2: @ | DD2: . | DE2: @ | DF2: @ | DG2: . | DH2: @ | DI2: . | DJ2: @ | DK2: @ | DL2: @ | DM2: . | DN2: @ | DO2: @ | DP2: @ | DQ2: . | DR2: @ | DS2: @ | DT2: @ | DU2: @ | DV2: @ | DW2: . | DX2: @ | DY2: . | DZ2: @ | EA2: . | EB2: . | EC2: . | ED2: . | EE2: . | EF2: . | EG2: @ | EH2: . | EI2: . | EJ2: . | EK2: @ | EL2: @
A3: .@@@@@.@....@.....@@@.@@.@@.@@@.@@@.@.@.@.@@@@@.@@.@@@@@.@@@@@@@@@@@..@@.@.@@.@@@.@@@@@@@@@@@..@...@@.@.@@.@.@@@@@@.@@@.@.@@..@@@@.@@@@..@.@ | C3: {=_xlfn.REGEXEXTRACT(A3,".",1)} -> . | D3: @ | E3: @ | F3: @ | G3: @ | H3: @ | I3: . | J3: @ | K3: . | L3: . | M3: . | N3: . | O3: @ | P3: . | Q3: . | R3: . | S3: . | T3: . | U3: @ | V3: @ | W3: @ | X3: . | Y3: @ | Z3: @ | AA3: . | AB3: @ | AC3: @ | AD3: . | AE3: @ | AF3: @ | AG3: @ | AH3: . | AI3: @ | AJ3: @ | AK3: @ | AL3: . | AM3: @ | AN3: . | AO3: @ | AP3: . | AQ3: @ | AR3: . | AS3: @ | AT3: @ | AU3: @ | AV3: @ | AW3: @ | AX3: . | AY3: @ | AZ3: @ | BA3: . | BB3: @ | BC3: @ | BD3: @ | BE3: @ | BF3: @ | BG3: . | BH3: @ | BI3: @ | BJ3: @ | BK3: @ | BL3: @ | BM3: @ | BN3: @ | BO3: @ | BP3: @ | BQ3: @ | BR3: @ | BS3: . | BT3: . | BU3: @ | BV3: @ | BW3: . | BX3: @ | BY3: . | BZ3: @ | CA3: @ | CB3: . | CC3: @ | CD3: @ | CE3: @ | CF3: . | CG3: @ | CH3: @ | CI3: @ | CJ3: @ | CK3: @ | CL3: @ | CM3: @ | CN3: @ | CO3: @ | CP3: @ | CQ3: @ | CR3: . | CS3: . | CT3: @ | CU3: . | CV3: . | CW3: . | CX3: @ | CY3: @ | CZ3: . | DA3: @ | DB3: . | DC3: @ | DD3: @ | DE3: . | DF3: @ | DG3: . | DH3: @ | DI3: @ | DJ3: @ | DK3: @ | DL3: @ | DM3: @ | DN3: . | DO3: @ | DP3: @ | DQ3: @ | DR3: . | DS3: @ | DT3: . | DU3: @ | DV3: @ | DW3: . | DX3: . | DY3: @ | DZ3: @ | EA3: @ | EB3: @ | EC3: . | ED3: @ | EE3: @ | EF3: @ | EG3: @ | EH3: . | EI3: . | EJ3: @ | EK3: . | EL3: @
A4: @.@@@@.@@@@.@@@@..@@.@@@@@@@@.@@@@.@@@@.@@..@.@...@.@.@.@.@@..@@@@@.@.@.@@@@.@@@@@@@@@.@@@@..@@...@..@.@..@@.@..@.@@.@@..@@@@@@@@.@@@@@.@... | C4: {=_xlfn.REGEXEXTRACT(A4,".",1)} -> @ | D4: . | E4: @ | F4: @ | G4: @ | H4: @ | I4: . | J4: @ | K4: @ | L4: @ | M4: @ | N4: . | O4: @ | P4: @ | Q4: @ | R4: @ | S4: . | T4: . | U4: @ | V4: @ | W4: . | X4: @ | Y4: @ | Z4: @ | AA4: @ | AB4: @ | AC4: @ | AD4: @ | AE4: @ | AF4: . | AG4: @ | AH4: @ | AI4: @ | AJ4: @ | AK4: . | AL4: @ | AM4: @ | AN4: @ | AO4: @ | AP4: . | AQ4: @ | AR4: @ | AS4: . | AT4: . | AU4: @ | AV4: . | AW4: @ | AX4: . | AY4: . | AZ4: . | BA4: @ | BB4: . | BC4: @ | BD4: . | BE4: @ | BF4: . | BG4: @ | BH4: . | BI4: @ | BJ4: @ | BK4: . | BL4: . | BM4: @ | BN4: @ | BO4: @ | BP4: @ | BQ4: @ | BR4: . | BS4: @ | BT4: . | BU4: @ | BV4: . | BW4: @ | BX4: @ | BY4: @ | BZ4: @ | CA4: . | CB4: @ | CC4: @ | CD4: @ | CE4: @ | CF4: @ | CG4: @ | CH4: @ | CI4: @ | CJ4: @ | CK4: . | CL4: @ | CM4: @ | CN4: @ | CO4: @ | CP4: . | CQ4: . | CR4: @ | CS4: @ | CT4: . | CU4: . | CV4: . | CW4: @ | CX4: . | CY4: . | CZ4: @ | DA4: . | DB4: @ | DC4: . | DD4: . | DE4: @ | DF4: @ | DG4: . | DH4: @ | DI4: . | DJ4: . | DK4: @ | DL4: . | DM4: @ | DN4: @ | DO4: . | DP4: @ | DQ4: @ | DR4: . | DS4: . | DT4: @ | DU4: @ | DV4: @ | DW4: @ | DX4: @ | DY4: @ | DZ4: @ | EA4: @ | EB4: . | EC4: @ | ED4: @ | EE4: @ | EF4: @ | EG4: @ | EH4: . | EI4: @ | EJ4: . | EK4: . | EL4: .
A5: .@.....@.@@@..@.@@@.@..@@@@@..@@@.@@..@...@.@@@@.@@@.@.@@@@@@.@.@@@@@@@.@.@@@.@@@@@@...@@.@@..@..@@@.@@.@@@@.@@@.@@..@.@@@.@.@...@@.@...@.@. | C5: {=_xlfn.REGEXEXTRACT(A5,".",1)} -> . | D5: @ | E5: . | F5: . | G5: . | H5: . | I5: . | J5: @ | K5: . | L5: @ | M5: @ | N5: @ | O5: . | P5: . | Q5: @ | R5: . | S5: @ | T5: @ | U5: @ | V5: . | W5: @ | X5: . | Y5: . | Z5: @ | AA5: @ | AB5: @ | AC5: @ | AD5: @ | AE5: . | AF5: . | AG5: @ | AH5: @ | AI5: @ | AJ5: . | AK5: @ | AL5: @ | AM5: . | AN5: . | AO5: @ | AP5: . | AQ5: . | AR5: . | AS5: @ | AT5: . | AU5: @ | AV5: @ | AW5: @ | AX5: @ | AY5: . | AZ5: @ | BA5: @ | BB5: @ | BC5: . | BD5: @ | BE5: . | BF5: @ | BG5: @ | BH5: @ | BI5: @ | BJ5: @ | BK5: @ | BL5: . | BM5: @ | BN5: . | BO5: @ | BP5: @ | BQ5: @ | BR5: @ | BS5: @ | BT5: @ | BU5: @ | BV5: . | BW5: @ | BX5: . | BY5: @ | BZ5: @ | CA5: @ | CB5: . | CC5: @ | CD5: @ | CE5: @ | CF5: @ | CG5: @ | CH5: @ | CI5: . | CJ5: . | CK5: . | CL5: @ | CM5: @ | CN5: . | CO5: @ | CP5: @ | CQ5: . | CR5: . | CS5: @ | CT5: . | CU5: . | CV5: @ | CW5: @ | CX5: @ | CY5: . | CZ5: @ | DA5: @ | DB5: . | DC5: @ | DD5: @ | DE5: @ | DF5: @ | DG5: . | DH5: @ | DI5: @ | DJ5: @ | DK5: . | DL5: @ | DM5: @ | DN5: . | DO5: . | DP5: @ | DQ5: . | DR5: @ | DS5: @ | DT5: @ | DU5: . | DV5: @ | DW5: . | DX5: @ | DY5: . | DZ5: . | EA5: . | EB5: @ | EC5: @ | ED5: . | EE5: @ | EF5: . | EG5: . | EH5: . | EI5: @ | EJ5: . | EK5: @ | EL5: .
A6: @@@@@.@@@.@@@@@@@..@@.@.@@@..@@..@@@.@@....@.@..@@@@@@@@.@.@@..@@...@@.@@@...@.@.@@@..@.@.@@@@@@.@...@@@@@...@.@..@@.@@..@@@@@.@.@.@@..@@@@. | C6: {=_xlfn.REGEXEXTRACT(A6,".",1)} -> @ | D6: @ | E6: @ | F6: @ | G6: @ | H6: . | I6: @ | J6: @ | K6: @ | L6: . | M6: @ | N6: @ | O6: @ | P6: @ | Q6: @ | R6: @ | S6: @ | T6: . | U6: . | V6: @ | W6: @ | X6: . | Y6: @ | Z6: . | AA6: @ | AB6: @ | AC6: @ | AD6: . | AE6: . | AF6: @ | AG6: @ | AH6: . | AI6: . | AJ6: @ | AK6: @ | AL6: @ | AM6: . | AN6: @ | AO6: @ | AP6: . | AQ6: . | AR6: . | AS6: . | AT6: @ | AU6: . | AV6: @ | AW6: . | AX6: . | AY6: @ | AZ6: @ | BA6: @ | BB6: @ | BC6: @ | BD6: @ | BE6: @ | BF6: @ | BG6: . | BH6: @ | BI6: . | BJ6: @ | BK6: @ | BL6: . | BM6: . | BN6: @ | BO6: @ | BP6: . | BQ6: . | BR6: . | BS6: @ | BT6: @ | BU6: . | BV6: @ | BW6: @ | BX6: @ | BY6: . | BZ6: . | CA6: . | CB6: @ | CC6: . | CD6: @ | CE6: . | CF6: @ | CG6: @ | CH6: @ | CI6: . | CJ6: . | CK6: @ | CL6: . | CM6: @ | CN6: . | CO6: @ | CP6: @ | CQ6: @ | CR6: @ | CS6: @ | CT6: @ | CU6: . | CV6: @ | CW6: . | CX6: . | CY6: . | CZ6: @ | DA6: @ | DB6: @ | DC6: @ | DD6: @ | DE6: . | DF6: . | DG6: . | DH6: @ | DI6: . | DJ6: @ | DK6: . | DL6: . | DM6: @ | DN6: @ | DO6: . | DP6: @ | DQ6: @ | DR6: . | DS6: . | DT6: @ | DU6: @ | DV6: @ | DW6: @ | DX6: @ | DY6: . | DZ6: @ | EA6: . | EB6: @ | EC6: . | ED6: @ | EE6: @ | EF6: . | EG6: . | EH6: @ | EI6: @ | EJ6: @ | EK6: @ | EL6: .
A7: @.@@@@@@..@@@@...@..@@@@@@.@@@..@.....@@.@.@@...@@@.@@.@.@@@....@@.@.@.@@@@.@@@@@.@@@.@@...@@.@@@@@@.@@@@@@@@@.@.@@@.@@.@@@@@@@.@@@@...@.@@@ | C7: {=_xlfn.REGEXEXTRACT(A7,".",1)} -> @ | D7: . | E7: @ | F7: @ | G7: @ | H7: @ | I7: @ | J7: @ | K7: . | L7: . | M7: @ | N7: @ | O7: @ | P7: @ | Q7: . | R7: . | S7: . | T7: @ | U7: . | V7: . | W7: @ | X7: @ | Y7: @ | Z7: @ | AA7: @ | AB7: @ | AC7: . | AD7: @ | AE7: @ | AF7: @ | AG7: . | AH7: . | AI7: @ | AJ7: . | AK7: . | AL7: . | AM7: . | AN7: . | AO7: @ | AP7: @ | AQ7: . | AR7: @ | AS7: . | AT7: @ | AU7: @ | AV7: . | AW7: . | AX7: . | AY7: @ | AZ7: @ | BA7: @ | BB7: . | BC7: @ | BD7: @ | BE7: . | BF7: @ | BG7: . | BH7: @ | BI7: @ | BJ7: @ | BK7: . | BL7: . | BM7: . | BN7: . | BO7: @ | BP7: @ | BQ7: . | BR7: @ | BS7: . | BT7: @ | BU7: . | BV7: @ | BW7: @ | BX7: @ | BY7: @ | BZ7: . | CA7: @ | CB7: @ | CC7: @ | CD7: @ | CE7: @ | CF7: . | CG7: @ | CH7: @ | CI7: @ | CJ7: . | CK7: @ | CL7: @ | CM7: . | CN7: . | CO7: . | CP7: @ | CQ7: @ | CR7: . | CS7: @ | CT7: @ | CU7: @ | CV7: @ | CW7: @ | CX7: @ | CY7: . | CZ7: @ | DA7: @ | DB7: @ | DC7: @ | DD7: @ | DE7: @ | DF7: @ | DG7: @ | DH7: @ | DI7: . | DJ7: @ | DK7: . | DL7: @ | DM7: @ | DN7: @ | DO7: . | DP7: @ | DQ7: @ | DR7: . | DS7: @ | DT7: @ | DU7: @ | DV7: @ | DW7: @ | DX7: @ | DY7: @ | DZ7: . | EA7: @ | EB7: @ | EC7: @ | ED7: @ | EE7: . | EF7: . | EG7: . | EH7: @ | EI7: . | EJ7: @ | EK7: @ | EL7: @
A8: .@@@.@.@@@..@@.@.@@@@@.@.@..@@....@..@.@.@@@@.@..@@.@..@@@@@.@@@@@@@.@.@@@.@.@@@.@@@@.@@@@@@@@.@@@@@@..@@@..@@@..@.@@.@.@..@@@@@@.@@@@..@@@@ | C8: {=_xlfn.REGEXEXTRACT(A8,".",1)} -> . | D8: @ | E8: @ | F8: @ | G8: . | H8: @ | I8: . | J8: @ | K8: @ | L8: @ | M8: . | N8: . | O8: @ | P8: @ | Q8: . | R8: @ | S8: . | T8: @ | U8: @ | V8: @ | W8: @ | X8: @ | Y8: . | Z8: @ | AA8: . | AB8: @ | AC8: . | AD8: . | AE8: @ | AF8: @ | AG8: . | AH8: . | AI8: . | AJ8: . | AK8: @ | AL8: . | AM8: . | AN8: @ | AO8: . | AP8: @ | AQ8: . | AR8: @ | AS8: @ | AT8: @ | AU8: @ | AV8: . | AW8: @ | AX8: . | AY8: . | AZ8: @ | BA8: @ | BB8: . | BC8: @ | BD8: . | BE8: . | BF8: @ | BG8: @ | BH8: @ | BI8: @ | BJ8: @ | BK8: . | BL8: @ | BM8: @ | BN8: @ | BO8: @ | BP8: @ | BQ8: @ | BR8: @ | BS8: . | BT8: @ | BU8: . | BV8: @ | BW8: @ | BX8: @ | BY8: . | BZ8: @ | CA8: . | CB8: @ | CC8: @ | CD8: @ | CE8: . | CF8: @ | CG8: @ | CH8: @ | CI8: @ | CJ8: . | CK8: @ | CL8: @ | CM8: @ | CN8: @ | CO8: @ | CP8: @ | CQ8: @ | CR8: @ | CS8: . | CT8: @ | CU8: @ | CV8: @ | CW8: @ | CX8: @ | CY8: @ | CZ8: . | DA8: . | DB8: @ | DC8: @ | DD8: @ | DE8: . | DF8: . | DG8: @ | DH8: @ | DI8: @ | DJ8: . | DK8: . | DL8: @ | DM8: . | DN8: @ | DO8: @ | DP8: . | DQ8: @ | DR8: . | DS8: @ | DT8: . | DU8: . | DV8: @ | DW8: @ | DX8: @ | DY8: @ | DZ8: @ | EA8: @ | EB8: . | EC8: @ | ED8: @ | EE8: @ | EF8: @ | EG8: . | EH8: . | EI8: @ | EJ8: @ | EK8: @ | EL8: @
A9: @@@@@@@.@@...@@@....@.@@@@.@@@@@@@@@.@@@.@@.@@..@...@@@@@.@@@..@.@@@@@@@@@@.@@@.@..@@@.@@@@.@.@@..@..@@@@@@@@.@@..@@@@@...@@@@@.@.@@.@..@..@ | C9: {=_xlfn.REGEXEXTRACT(A9,".",1)} -> @ | D9: @ | E9: @ | F9: @ | G9: @ | H9: @ | I9: @ | J9: . | K9: @ | L9: @ | M9: . | N9: . | O9: . | P9: @ | Q9: @ | R9: @ | S9: . | T9: . | U9: . | V9: . | W9: @ | X9: . | Y9: @ | Z9: @ | AA9: @ | AB9: @ | AC9: . | AD9: @ | AE9: @ | AF9: @ | AG9: @ | AH9: @ | AI9: @ | AJ9: @ | AK9: @ | AL9: @ | AM9: . | AN9: @ | AO9: @ | AP9: @ | AQ9: . | AR9: @ | AS9: @ | AT9: . | AU9: @ | AV9: @ | AW9: . | AX9: . | AY9: @ | AZ9: . | BA9: . | BB9: . | BC9: @ | BD9: @ | BE9: @ | BF9: @ | BG9: @ | BH9: . | BI9: @ | BJ9: @ | BK9: @ | BL9: . | BM9: . | BN9: @ | BO9: . | BP9: @ | BQ9: @ | BR9: @ | BS9: @ | BT9: @ | BU9: @ | BV9: @ | BW9: @ | BX9: @ | BY9: @ | BZ9: . | CA9: @ | CB9: @ | CC9: @ | CD9: . | CE9: @ | CF9: . | CG9: . | CH9: @ | CI9: @ | CJ9: @ | CK9: . | CL9: @ | CM9: @ | CN9: @ | CO9: @ | CP9: . | CQ9: @ | CR9: . | CS9: @ | CT9: @ | CU9: . | CV9: . | CW9: @ | CX9: . | CY9: . | CZ9: @ | DA9: @ | DB9: @ | DC9: @ | DD9: @ | DE9: @ | DF9: @ | DG9: @ | DH9: . | DI9: @ | DJ9: @ | DK9: . | DL9: . | DM9: @ | DN9: @ | DO9: @ | DP9: @ | DQ9: @ | DR9: . | DS9: . | DT9: . | DU9: @ | DV9: @ | DW9: @ | DX9: @ | DY9: @ | DZ9: . | EA9: @ | EB9: . | EC9: @ | ED9: @ | EE9: . | EF9: @ | EG9: . | EH9: . | EI9: @ | EJ9: . | EK9: . | EL9: @
A10: @.@@@@@..@@@.@@@.@@@@@@@@@..@.@@.@@...@.@@@..@..@@@@.@@@@@@@@@@..@@@@@@@@..@@@@@.@@@@@@@....@@.@@@@.@@@@@@@.@@..@..@@.@@@@.@@@@@@@.@@@..@..@ | C10: {=_xlfn.REGEXEXTRACT(A10,".",1)} -> @ | D10: . | E10: @ | F10: @ | G10: @ | H10: @ | I10: @ | J10: . | K10: . | L10: @ | M10: @ | N10: @ | O10: . | P10: @ | Q10: @ | R10: @ | S10: . | T10: @ | U10: @ | V10: @ | W10: @ | X10: @ | Y10: @ | Z10: @ | AA10: @ | AB10: @ | AC10: . | AD10: . | AE10: @ | AF10: . | AG10: @ | AH10: @ | AI10: . | AJ10: @ | AK10: @ | AL10: . | AM10: . | AN10: . | AO10: @ | AP10: . | AQ10: @ | AR10: @ | AS10: @ | AT10: . | AU10: . | AV10: @ | AW10: . | AX10: . | AY10: @ | AZ10: @ | BA10: @ | BB10: @ | BC10: . | BD10: @ | BE10: @ | BF10: @ | BG10: @ | BH10: @ | BI10: @ | BJ10: @ | BK10: @ | BL10: @ | BM10: @ | BN10: . | BO10: . | BP10: @ | BQ10: @ | BR10: @ | BS10: @ | BT10: @ | BU10: @ | BV10: @ | BW10: @ | BX10: . | BY10: . | BZ10: @ | CA10: @ | CB10: @ | CC10: @ | CD10: @ | CE10: . | CF10: @ | CG10: @ | CH10: @ | CI10: @ | CJ10: @ | CK10: @ | CL10: @ | CM10: . | CN10: . | CO10: . | CP10: . | CQ10: @ | CR10: @ | CS10: . | CT10: @ | CU10: @ | CV10: @ | CW10: @ | CX10: . | CY10: @ | CZ10: @ | DA10: @ | DB10: @ | DC10: @ | DD10: @ | DE10: @ | DF10: . | DG10: @ | DH10: @ | DI10: . | DJ10: . | DK10: @ | DL10: . | DM10: . | DN10: @ | DO10: @ | DP10: . | DQ10: @ | DR10: @ | DS10: @ | DT10: @ | DU10: . | DV10: @ | DW10: @ | DX10: @ | DY10: @ | DZ10: @ | EA10: @ | EB10: @ | EC10: . | ED10: @ | EE10: @ | EF10: @ | EG10: . | EH10: . | EI10: @ | EJ10: . | EK10: . | EL10: @
A11: @@@@@.@@.@@@@.@.@@@@..@.@@..@..@@@@.@@@.@@@@.@..@.@@.@.@@@@@@@@.@...@@@@...@.@.@@.@@@.@.@@.@..@..@..@.@........@@@@@@@.@.@.@..@@@@@@.@@..@@@ | C11: {=_xlfn.REGEXEXTRACT(A11,".",1)} -> @ | D11: @ | E11: @ | F11: @ | G11: @ | H11: . | I11: @ | J11: @ | K11: . | L11: @ | M11: @ | N11: @ | O11: @ | P11: . | Q11: @ | R11: . | S11: @ | T11: @ | U11: @ | V11: @ | W11: . | X11: . | Y11: @ | Z11: . | AA11: @ | AB11: @ | AC11: . | AD11: . | AE11: @ | AF11: . | AG11: . | AH11: @ | AI11: @ | AJ11: @ | AK11: @ | AL11: . | AM11: @ | AN11: @ | AO11: @ | AP11: . | AQ11: @ | AR11: @ | AS11: @ | AT11: @ | AU11: . | AV11: @ | AW11: . | AX11: . | AY11: @ | AZ11: . | BA11: @ | BB11: @ | BC11: . | BD11: @ | BE11: . | BF11: @ | BG11: @ | BH11: @ | BI11: @ | BJ11: @ | BK11: @ | BL11: @ | BM11: @ | BN11: . | BO11: @ | BP11: . | BQ11: . | BR11: . | BS11: @ | BT11: @ | BU11: @ | BV11: @ | BW11: . | BX11: . | BY11: . | BZ11: @ | CA11: . | CB11: @ | CC11: . | CD11: @ | CE11: @ | CF11: . | CG11: @ | CH11: @ | CI11: @ | CJ11: . | CK11: @ | CL11: . | CM11: @ | CN11: @ | CO11: . | CP11: @ | CQ11: . | CR11: . | CS11: @ | CT11: . | CU11: . | CV11: @ | CW11: . | CX11: . | CY11: @ | CZ11: . | DA11: @ | DB11: . | DC11: . | DD11: . | DE11: . | DF11: . | DG11: . | DH11: . | DI11: . | DJ11: @ | DK11: @ | DL11: @ | DM11: @ | DN11: @ | DO11: @ | DP11: @ | DQ11: . | DR11: @ | DS11: . | DT11: @ | DU11: . | DV11: @ | DW11: . | DX11: . | DY11: @ | DZ11: @ | EA11: @ | EB11: @ | EC11: @ | ED11: @ | EE11: . | EF11: @ | EG11: @ | EH11: . | EI11: . | EJ11: @ | EK11: @ | EL11: @
A12: .@.@@@.@@@@.@@@...@@@@.@@@.@@@.@.@.@...@@.@...@@@@@@@@..@.@@@@@@..@.@..@@.@@@@..@@@@@...@..@.@.@.@.@.@..@@.@@..@@@@.@@@.@@@@.@@@.@@@@.@@@@@@ | C12: {=_xlfn.REGEXEXTRACT(A12,".",1)} -> . | D12: @ | E12: . | F12: @ | G12: @ | H12: @ | I12: . | J12: @ | K12: @ | L12: @ | M12: @ | N12: . | O12: @ | P12: @ | Q12: @ | R12: . | S12: . | T12: . | U12: @ | V12: @ | W12: @ | X12: @ | Y12: . | Z12: @ | AA12: @ | AB12: @ | AC12: . | AD12: @ | AE12: @ | AF12: @ | AG12: . | AH12: @ | AI12: . | AJ12: @ | AK12: . | AL12: @ | AM12: . | AN12: . | AO12: . | AP12: @ | AQ12: @ | AR12: . | AS12: @ | AT12: . | AU12: . | AV12: . | AW12: @ | AX12: @ | AY12: @ | AZ12: @ | BA12: @ | BB12: @ | BC12: @ | BD12: @ | BE12: . | BF12: . | BG12: @ | BH12: . | BI12: @ | BJ12: @ | BK12: @ | BL12: @ | BM12: @ | BN12: @ | BO12: . | BP12: . | BQ12: @ | BR12: . | BS12: @ | BT12: . | BU12: . | BV12: @ | BW12: @ | BX12: . | BY12: @ | BZ12: @ | CA12: @ | CB12: @ | CC12: . | CD12: . | CE12: @ | CF12: @ | CG12: @ | CH12: @ | CI12: @ | CJ12: . | CK12: . | CL12: . | CM12: @ | CN12: . | CO12: . | CP12: @ | CQ12: . | CR12: @ | CS12: . | CT12: @ | CU12: . | CV12: @ | CW12: . | CX12: @ | CY12: . | CZ12: @ | DA12: . | DB12: . | DC12: @ | DD12: @ | DE12: . | DF12: @ | DG12: @ | DH12: . | DI12: . | DJ12: @ | DK12: @ | DL12: @ | DM12: @ | DN12: . | DO12: @ | DP12: @ | DQ12: @ | DR12: . | DS12: @ | DT12: @ | DU12: @ | DV12: @ | DW12: . | DX12: @ | DY12: @ | DZ12: @ | EA12: . | EB12: @ | EC12: @ | ED12: @ | EE12: @ | EF12: . | EG12: @ | EH12: @ | EI12: @ | EJ12: @ | EK12: @ | EL12: @
A13: @@.@@@@@@@.@@@..@@.@@@.@..@@@@..@@...@.@@@@@@..@@@.@@.@@@.@@..@...@.@@@@.@@@@@@.@@@.@@@@@@@@@.@..@.@.@@@@.@.@@..@@..@.@.@.@@@@@.@@@@@@@@@@.@ | C13: {=_xlfn.REGEXEXTRACT(A13,".",1)} -> @ | D13: @ | E13: . | F13: @ | G13: @ | H13: @ | I13: @ | J13: @ | K13: @ | L13: @ | M13: . | N13: @ | O13: @ | P13: @ | Q13: . | R13: . | S13: @ | T13: @ | U13: . | V13: @ | W13: @ | X13: @ | Y13: . | Z13: @ | AA13: . | AB13: . | AC13: @ | AD13: @ | AE13: @ | AF13: @ | AG13: . | AH13: . | AI13: @ | AJ13: @ | AK13: . | AL13: . | AM13: . | AN13: @ | AO13: . | AP13: @ | AQ13: @ | AR13: @ | AS13: @ | AT13: @ | AU13: @ | AV13: . | AW13: . | AX13: @ | AY13: @ | AZ13: @ | BA13: . | BB13: @ | BC13: @ | BD13: . | BE13: @ | BF13: @ | BG13: @ | BH13: . | BI13: @ | BJ13: @ | BK13: . | BL13: . | BM13: @ | BN13: . | BO13: . | BP13: . | BQ13: @ | BR13: . | BS13: @ | BT13: @ | BU13: @ | BV13: @ | BW13: . | BX13: @ | BY13: @ | BZ13: @ | CA13: @ | CB13: @ | CC13: @ | CD13: . | CE13: @ | CF13: @ | CG13: @ | CH13: . | CI13: @ | CJ13: @ | CK13: @ | CL13: @ | CM13: @ | CN13: @ | CO13: @ | CP13: @ | CQ13: @ | CR13: . | CS13: @ | CT13: . | CU13: . | CV13: @ | CW13: . | CX13: @ | CY13: . | CZ13: @ | DA13: @ | DB13: @ | DC13: @ | DD13: . | DE13: @ | DF13: . | DG13: @ | DH13: @ | DI13: . | DJ13: . | DK13: @ | DL13: @ | DM13: . | DN13: . | DO13: @ | DP13: . | DQ13: @ | DR13: . | DS13: @ | DT13: . | DU13: @ | DV13: @ | DW13: @ | DX13: @ | DY13: @ | DZ13: . | EA13: @ | EB13: @ | EC13: @ | ED13: @ | EE13: @ | EF13: @ | EG13: @ | EH13: @ | EI13: @ | EJ13: @ | EK13: . | EL13: @
... A141: @@.@@..@@.@@@@..@@.@..@@@@.@@@@.@..@.@@.@@@.@.@.@@@@.@.@..@..@..@.@@@@.@@.@@@.@@@@.@@.@.@@@.@@@.@@@.@.@@@....@@@@@@@.....@@.@@.@@.@@.@@@@@@@ | C141: {=_xlfn.REGEXEXTRACT(A141,".",1)} -> @ | D141: @ | E141: . | F141: @ | G141: @ | H141: . | I141: . | J141: @ | K141: @ | L141: . | M141: @ | N141: @ | O141: @ | P141: @ | Q141: . | R141: . | S141: @ | T141: @ | U141: . | V141: @ | W141: . | X141: . | Y141: @ | Z141: @ | AA141: @ | AB141: @ | AC141: . | AD141: @ | AE141: @ | AF141: @ | AG141: @ | AH141: . | AI141: @ | AJ141: . | AK141: . | AL141: @ | AM141: . | AN141: @ | AO141: @ | AP141: . | AQ141: @ | AR141: @ | AS141: @ | AT141: . | AU141: @ | AV141: . | AW141: @ | AX141: . | AY141: @ | AZ141: @ | BA141: @ | BB141: @ | BC141: . | BD141: @ | BE141: . | BF141: @ | BG141: . | BH141: . | BI141: @ | BJ141: . | BK141: . | BL141: @ | BM141: . | BN141: . | BO141: @ | BP141: . | BQ141: @ | BR141: @ | BS141: @ | BT141: @ | BU141: . | BV141: @ | BW141: @ | BX141: . | BY141: @ | BZ141: @ | CA141: @ | CB141: . | CC141: @ | CD141: @ | CE141: @ | CF141: @ | CG141: . | CH141: @ | CI141: @ | CJ141: . | CK141: @ | CL141: . | CM141: @ | CN141: @ | CO141: @ | CP141: . | CQ141: @ | CR141: @ | CS141: @ | CT141: . | CU141: @ | CV141: @ | CW141: @ | CX141: . | CY141: @ | CZ141: . | DA141: @ | DB141: @ | DC141: @ | DD141: . | DE141: . | DF141: . | DG141: . | DH141: @ | DI141: @ | DJ141: @ | DK141: @ | DL141: @ | DM141: @ | DN141: @ | DO141: . | DP141: . | DQ141: . | DR141: . | DS141: . | DT141: @ | DU141: @ | DV141: . | DW141: @ | DX141: @ | DY141: . | DZ141: @ | EA141: @ | EB141: . | EC141: @ | ED141: @ | EE141: . | EF141: @ | EG141: @ | EH141: @ | EI141: @ | EJ141: @ | EK141: @ | EL141: @

Sheet Part1
A1: Part1: | B1: =COUNTIFS(B2:EK141,"<"&4) -> 1569
B2: =_xlfn.LET(_xlpm.rng,input!B1:D3,IF(input!C2="@",COUNTIF(_xlpm.rng,"@")-COUNTIF(input!C2,"@"),input!C2)) -> . | C2: =_xlfn.LET(_xlpm.rng,input!C1:E3,IF(input!D2="@",COUNTIF(_xlpm.rng,"@")-COUNTIF(input!D2,"@"),input!D2)) -> 3 | D2: =_xlfn.LET(_xlpm.rng,input!D1:F3,IF(input!E2="@",COUNTIF(_xlpm.rng,"@")-COUNTIF(input!E2,"@"),input!E2)) -> 5 | E2: =_xlfn.LET(_xlpm.rng,input!E1:G3,IF(input!F2="@",COUNTIF(_xlpm.rng,"@")-COUNTIF(input!F2,"@"),input!F2)) -> 5 | F2: =_xlfn.LET(_xlpm.rng,input!F1:H3,IF(input!G2="@",COUNTIF(_xlpm.rng,"@")-COUNTIF(input!G2,"@"),input!G2)) -> 5 | G2: =_xlfn.LET(_xlpm.rng,input!G1:I3,IF(input!H2="@",COUNTIF(_xlpm.rng,"@")-COUNTIF(input!H2,"@"),input!H2)) -> 3 | H2: =_xlfn.LET(_xlpm.rng,input!H1:J3,IF(input!I2="@",COUNTIF(_xlpm.rng,"@")-COUNTIF(input!I2,"@"),input!I2)) -> . | I2: =_xlfn.LET(_xlpm.rng,input!I1:K3,IF(input!J2="@",COUNTIF(_xlpm.rng,"@")-COUNTIF(input!J2,"@"),input!J2)) -> . | ... EK2: =_xlfn.LET(_xlpm.rng,input!EK1:EM3,IF(input!EL2="@",COUNTIF(_xlpm.rng,"@")-COUNTIF(input!EL2,"@"),input!EL2)) -> 2
B3: =_xlfn.LET(_xlpm.rng,input!B2:D4,IF(input!C3="@",COUNTIF(_xlpm.rng,"@")-COUNTIF(input!C3,"@"),input!C3)) -> . | C3: =_xlfn.LET(_xlpm.rng,input!C2:E4,IF(input!D3="@",COUNTIF(_xlpm.rng,"@")-COUNTIF(input!D3,"@"),input!D3)) -> 5 | D3: =_xlfn.LET(_xlpm.rng,input!D2:F4,IF(input!E3="@",COUNTIF(_xlpm.rng,"@")-COUNTIF(input!E3,"@"),input!E3)) -> 7 | E3: =_xlfn.LET(_xlpm.rng,input!E2:G4,IF(input!F3="@",COUNTIF(_xlpm.rng,"@")-COUNTIF(input!F3,"@"),input!F3)) -> 8 | F3: =_xlfn.LET(_xlpm.rng,input!F2:H4,IF(input!G3="@",COUNTIF(_xlpm.rng,"@")-COUNTIF(input!G3,"@"),input!G3)) -> 8 | G3: =_xlfn.LET(_xlpm.rng,input!G2:I4,IF(input!H3="@",COUNTIF(_xlpm.rng,"@")-COUNTIF(input!H3,"@"),input!H3)) -> 5 | H3: =_xlfn.LET(_xlpm.rng,input!H2:J4,IF(input!I3="@",COUNTIF(_xlpm.rng,"@")-COUNTIF(input!I3,"@"),input!I3)) -> . | I3: =_xlfn.LET(_xlpm.rng,input!I2:K4,IF(input!J3="@",COUNTIF(_xlpm.rng,"@")-COUNTIF(input!J3,"@"),input!J3)) -> 2 | ... EK3: =_xlfn.LET(_xlpm.rng,input!EK2:EM4,IF(input!EL3="@",COUNTIF(_xlpm.rng,"@")-COUNTIF(input!EL3,"@"),input!EL3)) -> 2
B4: =_xlfn.LET(_xlpm.rng,input!B3:D5,IF(input!C4="@",COUNTIF(_xlpm.rng,"@")-COUNTIF(input!C4,"@"),input!C4)) -> 2 | C4: =_xlfn.LET(_xlpm.rng,input!C3:E5,IF(input!D4="@",COUNTIF(_xlpm.rng,"@")-COUNTIF(input!D4,"@"),input!D4)) -> . | D4: =_xlfn.LET(_xlpm.rng,input!D3:F5,IF(input!E4="@",COUNTIF(_xlpm.rng,"@")-COUNTIF(input!E4,"@"),input!E4)) -> 5 | E4: =_xlfn.LET(_xlpm.rng,input!E3:G5,IF(input!F4="@",COUNTIF(_xlpm.rng,"@")-COUNTIF(input!F4,"@"),input!F4)) -> 5 | F4: =_xlfn.LET(_xlpm.rng,input!F3:H5,IF(input!G4="@",COUNTIF(_xlpm.rng,"@")-COUNTIF(input!G4,"@"),input!G4)) -> 5 | G4: =_xlfn.LET(_xlpm.rng,input!G3:I5,IF(input!H4="@",COUNTIF(_xlpm.rng,"@")-COUNTIF(input!H4,"@"),input!H4)) -> 3 | H4: =_xlfn.LET(_xlpm.rng,input!H3:J5,IF(input!I4="@",COUNTIF(_xlpm.rng,"@")-COUNTIF(input!I4,"@"),input!I4)) -> . | I4: =_xlfn.LET(_xlpm.rng,input!I3:K5,IF(input!J4="@",COUNTIF(_xlpm.rng,"@")-COUNTIF(input!J4,"@"),input!J4)) -> 3 | ... EK4: =_xlfn.LET(_xlpm.rng,input!EK3:EM5,IF(input!EL4="@",COUNTIF(_xlpm.rng,"@")-COUNTIF(input!EL4,"@"),input!EL4)) -> .
B5: =_xlfn.LET(_xlpm.rng,input!B4:D6,IF(input!C5="@",COUNTIF(_xlpm.rng,"@")-COUNTIF(input!C5,"@"),input!C5)) -> . | C5: =_xlfn.LET(_xlpm.rng,input!C4:E6,IF(input!D5="@",COUNTIF(_xlpm.rng,"@")-COUNTIF(input!D5,"@"),input!D5)) -> 5 | D5: =_xlfn.LET(_xlpm.rng,input!D4:F6,IF(input!E5="@",COUNTIF(_xlpm.rng,"@")-COUNTIF(input!E5,"@"),input!E5)) -> . | E5: =_xlfn.LET(_xlpm.rng,input!E4:G6,IF(input!F5="@",COUNTIF(_xlpm.rng,"@")-COUNTIF(input!F5,"@"),input!F5)) -> . | F5: =_xlfn.LET(_xlpm.rng,input!F4:H6,IF(input!G5="@",COUNTIF(_xlpm.rng,"@")-COUNTIF(input!G5,"@"),input!G5)) -> . | G5: =_xlfn.LET(_xlpm.rng,input!G4:I6,IF(input!H5="@",COUNTIF(_xlpm.rng,"@")-COUNTIF(input!H5,"@"),input!H5)) -> . | H5: =_xlfn.LET(_xlpm.rng,input!H4:J6,IF(input!I5="@",COUNTIF(_xlpm.rng,"@")-COUNTIF(input!I5,"@"),input!I5)) -> . | I5: =_xlfn.LET(_xlpm.rng,input!I4:K6,IF(input!J5="@",COUNTIF(_xlpm.rng,"@")-COUNTIF(input!J5,"@"),input!J5)) -> 5 | ... EK5: =_xlfn.LET(_xlpm.rng,input!EK4:EM6,IF(input!EL5="@",COUNTIF(_xlpm.rng,"@")-COUNTIF(input!EL5,"@"),input!EL5)) -> .
B6: =_xlfn.LET(_xlpm.rng,input!B5:D7,IF(input!C6="@",COUNTIF(_xlpm.rng,"@")-COUNTIF(input!C6,"@"),input!C6)) -> 3 | C6: =_xlfn.LET(_xlpm.rng,input!C5:E7,IF(input!D6="@",COUNTIF(_xlpm.rng,"@")-COUNTIF(input!D6,"@"),input!D6)) -> 5 | D6: =_xlfn.LET(_xlpm.rng,input!D5:F7,IF(input!E6="@",COUNTIF(_xlpm.rng,"@")-COUNTIF(input!E6,"@"),input!E6)) -> 5 | E6: =_xlfn.LET(_xlpm.rng,input!E5:G7,IF(input!F6="@",COUNTIF(_xlpm.rng,"@")-COUNTIF(input!F6,"@"),input!F6)) -> 5 | F6: =_xlfn.LET(_xlpm.rng,input!F5:H7,IF(input!G6="@",COUNTIF(_xlpm.rng,"@")-COUNTIF(input!G6,"@"),input!G6)) -> 4 | G6: =_xlfn.LET(_xlpm.rng,input!G5:I7,IF(input!H6="@",COUNTIF(_xlpm.rng,"@")-COUNTIF(input!H6,"@"),input!H6)) -> . | H6: =_xlfn.LET(_xlpm.rng,input!H5:J7,IF(input!I6="@",COUNTIF(_xlpm.rng,"@")-COUNTIF(input!I6,"@"),input!I6)) -> 5 | I6: =_xlfn.LET(_xlpm.rng,input!I5:K7,IF(input!J6="@",COUNTIF(_xlpm.rng,"@")-COUNTIF(input!J6,"@"),input!J6)) -> 5 | ... EK6: =_xlfn.LET(_xlpm.rng,input!EK5:EM7,IF(input!EL6="@",COUNTIF(_xlpm.rng,"@")-COUNTIF(input!EL6,"@"),input!EL6)) -> .
B7: =_xlfn.LET(_xlpm.rng,input!B6:D8,IF(input!C7="@",COUNTIF(_xlpm.rng,"@")-COUNTIF(input!C7,"@"),input!C7)) -> 3 | C7: =_xlfn.LET(_xlpm.rng,input!C6:E8,IF(input!D7="@",COUNTIF(_xlpm.rng,"@")-COUNTIF(input!D7,"@"),input!D7)) -> . | D7: =_xlfn.LET(_xlpm.rng,input!D6:F8,IF(input!E7="@",COUNTIF(_xlpm.rng,"@")-COUNTIF(input!E7,"@"),input!E7)) -> 7 | E7: =_xlfn.LET(_xlpm.rng,input!E6:G8,IF(input!F7="@",COUNTIF(_xlpm.rng,"@")-COUNTIF(input!F7,"@"),input!F7)) -> 7 | F7: =_xlfn.LET(_xlpm.rng,input!F6:H8,IF(input!G7="@",COUNTIF(_xlpm.rng,"@")-COUNTIF(input!G7,"@"),input!G7)) -> 6 | G7: =_xlfn.LET(_xlpm.rng,input!G6:I8,IF(input!H7="@",COUNTIF(_xlpm.rng,"@")-COUNTIF(input!H7,"@"),input!H7)) -> 5 | H7: =_xlfn.LET(_xlpm.rng,input!H6:J8,IF(input!I7="@",COUNTIF(_xlpm.rng,"@")-COUNTIF(input!I7,"@"),input!I7)) -> 6 | I7: =_xlfn.LET(_xlpm.rng,input!I6:K8,IF(input!J7="@",COUNTIF(_xlpm.rng,"@")-COUNTIF(input!J7,"@"),input!J7)) -> 6 | ... EK7: =_xlfn.LET(_xlpm.rng,input!EK6:EM8,IF(input!EL7="@",COUNTIF(_xlpm.rng,"@")-COUNTIF(input!EL7,"@"),input!EL7)) -> 4
B8: =_xlfn.LET(_xlpm.rng,input!B7:D9,IF(input!C8="@",COUNTIF(_xlpm.rng,"@")-COUNTIF(input!C8,"@"),input!C8)) -> . | C8: =_xlfn.LET(_xlpm.rng,input!C7:E9,IF(input!D8="@",COUNTIF(_xlpm.rng,"@")-COUNTIF(input!D8,"@"),input!D8)) -> 6 | D8: =_xlfn.LET(_xlpm.rng,input!D7:F9,IF(input!E8="@",COUNTIF(_xlpm.rng,"@")-COUNTIF(input!E8,"@"),input!E8)) -> 7 | E8: =_xlfn.LET(_xlpm.rng,input!E7:G9,IF(input!F8="@",COUNTIF(_xlpm.rng,"@")-COUNTIF(input!F8,"@"),input!F8)) -> 7 | F8: =_xlfn.LET(_xlpm.rng,input!F7:H9,IF(input!G8="@",COUNTIF(_xlpm.rng,"@")-COUNTIF(input!G8,"@"),input!G8)) -> . | G8: =_xlfn.LET(_xlpm.rng,input!G7:I9,IF(input!H8="@",COUNTIF(_xlpm.rng,"@")-COUNTIF(input!H8,"@"),input!H8)) -> 6 | H8: =_xlfn.LET(_xlpm.rng,input!H7:J9,IF(input!I8="@",COUNTIF(_xlpm.rng,"@")-COUNTIF(input!I8,"@"),input!I8)) -> . | I8: =_xlfn.LET(_xlpm.rng,input!I7:K9,IF(input!J8="@",COUNTIF(_xlpm.rng,"@")-COUNTIF(input!J8,"@"),input!J8)) -> 5 | ... EK8: =_xlfn.LET(_xlpm.rng,input!EK7:EM9,IF(input!EL8="@",COUNTIF(_xlpm.rng,"@")-COUNTIF(input!EL8,"@"),input!EL8)) -> 4
B9: =_xlfn.LET(_xlpm.rng,input!B8:D10,IF(input!C9="@",COUNTIF(_xlpm.rng,"@")-COUNTIF(input!C9,"@"),input!C9)) -> 3 | C9: =_xlfn.LET(_xlpm.rng,input!C8:E10,IF(input!D9="@",COUNTIF(_xlpm.rng,"@")-COUNTIF(input!D9,"@"),input!D9)) -> 6 | D9: =_xlfn.LET(_xlpm.rng,input!D8:F10,IF(input!E9="@",COUNTIF(_xlpm.rng,"@")-COUNTIF(input!E9,"@"),input!E9)) -> 7 | E9: =_xlfn.LET(_xlpm.rng,input!E8:G10,IF(input!F9="@",COUNTIF(_xlpm.rng,"@")-COUNTIF(input!F9,"@"),input!F9)) -> 7 | F9: =_xlfn.LET(_xlpm.rng,input!F8:H10,IF(input!G9="@",COUNTIF(_xlpm.rng,"@")-COUNTIF(input!G9,"@"),input!G9)) -> 7 | G9: =_xlfn.LET(_xlpm.rng,input!G8:I10,IF(input!H9="@",COUNTIF(_xlpm.rng,"@")-COUNTIF(input!H9,"@"),input!H9)) -> 6 | H9: =_xlfn.LET(_xlpm.rng,input!H8:J10,IF(input!I9="@",COUNTIF(_xlpm.rng,"@")-COUNTIF(input!I9,"@"),input!I9)) -> 5 | I9: =_xlfn.LET(_xlpm.rng,input!I8:K10,IF(input!J9="@",COUNTIF(_xlpm.rng,"@")-COUNTIF(input!J9,"@"),input!J9)) -> . | ... EK9: =_xlfn.LET(_xlpm.rng,input!EK8:EM10,IF(input!EL9="@",COUNTIF(_xlpm.rng,"@")-COUNTIF(input!EL9,"@"),input!EL9)) -> 3
B10: =_xlfn.LET(_xlpm.rng,input!B9:D11,IF(input!C10="@",COUNTIF(_xlpm.rng,"@")-COUNTIF(input!C10,"@"),input!C10)) -> 4 | C10: =_xlfn.LET(_xlpm.rng,input!C9:E11,IF(input!D10="@",COUNTIF(_xlpm.rng,"@")-COUNTIF(input!D10,"@"),input!D10)) -> . | D10: =_xlfn.LET(_xlpm.rng,input!D9:F11,IF(input!E10="@",COUNTIF(_xlpm.rng,"@")-COUNTIF(input!E10,"@"),input!E10)) -> 7 | E10: =_xlfn.LET(_xlpm.rng,input!E9:G11,IF(input!F10="@",COUNTIF(_xlpm.rng,"@")-COUNTIF(input!F10,"@"),input!F10)) -> 8 | F10: =_xlfn.LET(_xlpm.rng,input!F9:H11,IF(input!G10="@",COUNTIF(_xlpm.rng,"@")-COUNTIF(input!G10,"@"),input!G10)) -> 7 | G10: =_xlfn.LET(_xlpm.rng,input!G9:I11,IF(input!H10="@",COUNTIF(_xlpm.rng,"@")-COUNTIF(input!H10,"@"),input!H10)) -> 7 | H10: =_xlfn.LET(_xlpm.rng,input!H9:J11,IF(input!I10="@",COUNTIF(_xlpm.rng,"@")-COUNTIF(input!I10,"@"),input!I10)) -> 5 | I10: =_xlfn.LET(_xlpm.rng,input!I9:K11,IF(input!J10="@",COUNTIF(_xlpm.rng,"@")-COUNTIF(input!J10,"@"),input!J10)) -> . | ... EK10: =_xlfn.LET(_xlpm.rng,input!EK9:EM11,IF(input!EL10="@",COUNTIF(_xlpm.rng,"@")-COUNTIF(input!EL10,"@"),input!EL10)) -> 3
B11: =_xlfn.LET(_xlpm.rng,input!B10:D12,IF(input!C11="@",COUNTIF(_xlpm.rng,"@")-COUNTIF(input!C11,"@"),input!C11)) -> 3 | C11: =_xlfn.LET(_xlpm.rng,input!C10:E12,IF(input!D11="@",COUNTIF(_xlpm.rng,"@")-COUNTIF(input!D11,"@"),input!D11)) -> 5 | D11: =_xlfn.LET(_xlpm.rng,input!D10:F12,IF(input!E11="@",COUNTIF(_xlpm.rng,"@")-COUNTIF(input!E11,"@"),input!E11)) -> 6 | E11: =_xlfn.LET(_xlpm.rng,input!E10:G12,IF(input!F11="@",COUNTIF(_xlpm.rng,"@")-COUNTIF(input!F11,"@"),input!F11)) -> 7 | F11: =_xlfn.LET(_xlpm.rng,input!F10:H12,IF(input!G11="@",COUNTIF(_xlpm.rng,"@")-COUNTIF(input!G11,"@"),input!G11)) -> 7 | G11: =_xlfn.LET(_xlpm.rng,input!G10:I12,IF(input!H11="@",COUNTIF(_xlpm.rng,"@")-COUNTIF(input!H11,"@"),input!H11)) -> . | H11: =_xlfn.LET(_xlpm.rng,input!H10:J12,IF(input!I11="@",COUNTIF(_xlpm.rng,"@")-COUNTIF(input!I11,"@"),input!I11)) -> 5 | I11: =_xlfn.LET(_xlpm.rng,input!I10:K12,IF(input!J11="@",COUNTIF(_xlpm.rng,"@")-COUNTIF(input!J11,"@"),input!J11)) -> 4 | ... EK11: =_xlfn.LET(_xlpm.rng,input!EK10:EM12,IF(input!EL11="@",COUNTIF(_xlpm.rng,"@")-COUNTIF(input!EL11,"@"),input!EL11)) -> 4
B12: =_xlfn.LET(_xlpm.rng,input!B11:D13,IF(input!C12="@",COUNTIF(_xlpm.rng,"@")-COUNTIF(input!C12,"@"),input!C12)) -> . | C12: =_xlfn.LET(_xlpm.rng,input!C11:E13,IF(input!D12="@",COUNTIF(_xlpm.rng,"@")-COUNTIF(input!D12,"@"),input!D12)) -> 5 | D12: =_xlfn.LET(_xlpm.rng,input!D11:F13,IF(input!E12="@",COUNTIF(_xlpm.rng,"@")-COUNTIF(input!E12,"@"),input!E12)) -> . | E12: =_xlfn.LET(_xlpm.rng,input!E11:G13,IF(input!F12="@",COUNTIF(_xlpm.rng,"@")-COUNTIF(input!F12,"@"),input!F12)) -> 6 | F12: =_xlfn.LET(_xlpm.rng,input!F11:H13,IF(input!G12="@",COUNTIF(_xlpm.rng,"@")-COUNTIF(input!G12,"@"),input!G12)) -> 7 | G12: =_xlfn.LET(_xlpm.rng,input!G11:I13,IF(input!H12="@",COUNTIF(_xlpm.rng,"@")-COUNTIF(input!H12,"@"),input!H12)) -> 6 | H12: =_xlfn.LET(_xlpm.rng,input!H11:J13,IF(input!I12="@",COUNTIF(_xlpm.rng,"@")-COUNTIF(input!I12,"@"),input!I12)) -> . | I12: =_xlfn.LET(_xlpm.rng,input!I11:K13,IF(input!J12="@",COUNTIF(_xlpm.rng,"@")-COUNTIF(input!J12,"@"),input!J12)) -> 6 | ... EK12: =_xlfn.LET(_xlpm.rng,input!EK11:EM13,IF(input!EL12="@",COUNTIF(_xlpm.rng,"@")-COUNTIF(input!EL12,"@"),input!EL12)) -> 4
B13: =_xlfn.LET(_xlpm.rng,input!B12:D14,IF(input!C13="@",COUNTIF(_xlpm.rng,"@")-COUNTIF(input!C13,"@"),input!C13)) -> 4 | C13: =_xlfn.LET(_xlpm.rng,input!C12:E14,IF(input!D13="@",COUNTIF(_xlpm.rng,"@")-COUNTIF(input!D13,"@"),input!D13)) -> 5 | D13: =_xlfn.LET(_xlpm.rng,input!D12:F14,IF(input!E13="@",COUNTIF(_xlpm.rng,"@")-COUNTIF(input!E13,"@"),input!E13)) -> . | E13: =_xlfn.LET(_xlpm.rng,input!E12:G14,IF(input!F13="@",COUNTIF(_xlpm.rng,"@")-COUNTIF(input!F13,"@"),input!F13)) -> 5 | F13: =_xlfn.LET(_xlpm.rng,input!F12:H14,IF(input!G13="@",COUNTIF(_xlpm.rng,"@")-COUNTIF(input!G13,"@"),input!G13)) -> 6 | G13: =_xlfn.LET(_xlpm.rng,input!G12:I14,IF(input!H13="@",COUNTIF(_xlpm.rng,"@")-COUNTIF(input!H13,"@"),input!H13)) -> 5 | H13: =_xlfn.LET(_xlpm.rng,input!H12:J14,IF(input!I13="@",COUNTIF(_xlpm.rng,"@")-COUNTIF(input!I13,"@"),input!I13)) -> 4 | I13: =_xlfn.LET(_xlpm.rng,input!I12:K14,IF(input!J13="@",COUNTIF(_xlpm.rng,"@")-COUNTIF(input!J13,"@"),input!J13)) -> 5 | ... EK13: =_xlfn.LET(_xlpm.rng,input!EK12:EM14,IF(input!EL13="@",COUNTIF(_xlpm.rng,"@")-COUNTIF(input!EL13,"@"),input!EL13)) -> 3
... B141: =_xlfn.LET(_xlpm.rng,input!B140:D142,IF(input!C141="@",COUNTIF(_xlpm.rng,"@")-COUNTIF(input!C141,"@"),input!C141)) -> 1 | C141: =_xlfn.LET(_xlpm.rng,input!C140:E142,IF(input!D141="@",COUNTIF(_xlpm.rng,"@")-COUNTIF(input!D141,"@"),input!D141)) -> 2 | D141: =_xlfn.LET(_xlpm.rng,input!D140:F142,IF(input!E141="@",COUNTIF(_xlpm.rng,"@")-COUNTIF(input!E141,"@"),input!E141)) -> . | E141: =_xlfn.LET(_xlpm.rng,input!E140:G142,IF(input!F141="@",COUNTIF(_xlpm.rng,"@")-COUNTIF(input!F141,"@"),input!F141)) -> 2 | F141: =_xlfn.LET(_xlpm.rng,input!F140:H142,IF(input!G141="@",COUNTIF(_xlpm.rng,"@")-COUNTIF(input!G141,"@"),input!G141)) -> 1 | G141: =_xlfn.LET(_xlpm.rng,input!G140:I142,IF(input!H141="@",COUNTIF(_xlpm.rng,"@")-COUNTIF(input!H141,"@"),input!H141)) -> . | H141: =_xlfn.LET(_xlpm.rng,input!H140:J142,IF(input!I141="@",COUNTIF(_xlpm.rng,"@")-COUNTIF(input!I141,"@"),input!I141)) -> . | I141: =_xlfn.LET(_xlpm.rng,input!I140:K142,IF(input!J141="@",COUNTIF(_xlpm.rng,"@")-COUNTIF(input!J141,"@"),input!J141)) -> 1 | ... EK141: =_xlfn.LET(_xlpm.rng,input!EK140:EM142,IF(input!EL141="@",COUNTIF(_xlpm.rng,"@")-COUNTIF(input!EL141,"@"),input!EL141)) -> 2

Sheet Part2
B2: =_xlfn.LET(_xlpm.rng,test!B1:D3,IF(test!C2="@",COUNTIF(_xlpm.rng,"@")-COUNTIF(test!C2,"@"),test!C2)) -> . | C2: =_xlfn.LET(_xlpm.rng,test!C1:E3,IF(test!D2="@",COUNTIF(_xlpm.rng,"@")-COUNTIF(test!D2,"@"),test!D2)) -> 3 | D2: =_xlfn.LET(_xlpm.rng,test!D1:F3,IF(test!E2="@",COUNTIF(_xlpm.rng,"@")-COUNTIF(test!E2,"@"),test!E2)) -> 3 | E2: =_xlfn.LET(_xlpm.rng,test!E1:G3,IF(test!F2="@",COUNTIF(_xlpm.rng,"@")-COUNTIF(test!F2,"@"),test!F2)) -> . | F2: =_xlfn.LET(_xlpm.rng,test!F1:H3,IF(test!G2="@",COUNTIF(_xlpm.rng,"@")-COUNTIF(test!G2,"@"),test!G2)) -> 3 | G2: =_xlfn.LET(_xlpm.rng,test!G1:I3,IF(test!H2="@",COUNTIF(_xlpm.rng,"@")-COUNTIF(test!H2,"@"),test!H2)) -> 3 | H2: =_xlfn.LET(_xlpm.rng,test!H1:J3,IF(test!I2="@",COUNTIF(_xlpm.rng,"@")-COUNTIF(test!I2,"@"),test!I2)) -> 4 | I2: =_xlfn.LET(_xlpm.rng,test!I1:K3,IF(test!J2="@",COUNTIF(_xlpm.rng,"@")-COUNTIF(test!J2,"@"),test!J2)) -> 3 | J2: =_xlfn.LET(_xlpm.rng,test!J1:L3,IF(test!K2="@",COUNTIF(_xlpm.rng,"@")-COUNTIF(test!K2,"@"),test!K2)) -> .
B3: =_xlfn.LET(_xlpm.rng,test!B2:D4,IF(test!C3="@",COUNTIF(_xlpm.rng,"@")-COUNTIF(test!C3,"@"),test!C3)) -> 6 | C3: =_xlfn.LET(_xlpm.rng,test!C2:E4,IF(test!D3="@",COUNTIF(_xlpm.rng,"@")-COUNTIF(test!D3,"@"),test!D3)) -> 6 | D3: =_xlfn.LET(_xlpm.rng,test!D2:F4,IF(test!E3="@",COUNTIF(_xlpm.rng,"@")-COUNTIF(test!E3,"@"),test!E3)) -> . | E3: =_xlfn.LET(_xlpm.rng,test!E2:G4,IF(test!F3="@",COUNTIF(_xlpm.rng,"@")-COUNTIF(test!F3,"@"),test!F3)) -> 4 | F3: =_xlfn.LET(_xlpm.rng,test!F2:H4,IF(test!G3="@",COUNTIF(_xlpm.rng,"@")-COUNTIF(test!G3,"@"),test!G3)) -> . | G3: =_xlfn.LET(_xlpm.rng,test!G2:I4,IF(test!H3="@",COUNTIF(_xlpm.rng,"@")-COUNTIF(test!H3,"@"),test!H3)) -> 4 | H3: =_xlfn.LET(_xlpm.rng,test!H2:J4,IF(test!I3="@",COUNTIF(_xlpm.rng,"@")-COUNTIF(test!I3,"@"),test!I3)) -> . | I3: =_xlfn.LET(_xlpm.rng,test!I2:K4,IF(test!J3="@",COUNTIF(_xlpm.rng,"@")-COUNTIF(test!J3,"@"),test!J3)) -> 5 | J3: =_xlfn.LET(_xlpm.rng,test!J2:L4,IF(test!K3="@",COUNTIF(_xlpm.rng,"@")-COUNTIF(test!K3,"@"),test!K3)) -> 4
B4: =_xlfn.LET(_xlpm.rng,test!B3:D5,IF(test!C4="@",COUNTIF(_xlpm.rng,"@")-COUNTIF(test!C4,"@"),test!C4)) -> 7 | C4: =_xlfn.LET(_xlpm.rng,test!C3:E5,IF(test!D4="@",COUNTIF(_xlpm.rng,"@")-COUNTIF(test!D4,"@"),test!D4)) -> 6 | D4: =_xlfn.LET(_xlpm.rng,test!D3:F5,IF(test!E4="@",COUNTIF(_xlpm.rng,"@")-COUNTIF(test!E4,"@"),test!E4)) -> 7 | E4: =_xlfn.LET(_xlpm.rng,test!E3:G5,IF(test!F4="@",COUNTIF(_xlpm.rng,"@")-COUNTIF(test!F4,"@"),test!F4)) -> 5 | F4: =_xlfn.LET(_xlpm.rng,test!F3:H5,IF(test!G4="@",COUNTIF(_xlpm.rng,"@")-COUNTIF(test!G4,"@"),test!G4)) -> . | G4: =_xlfn.LET(_xlpm.rng,test!G3:I5,IF(test!H4="@",COUNTIF(_xlpm.rng,"@")-COUNTIF(test!H4,"@"),test!H4)) -> 2 | H4: =_xlfn.LET(_xlpm.rng,test!H3:J5,IF(test!I4="@",COUNTIF(_xlpm.rng,"@")-COUNTIF(test!I4,"@"),test!I4)) -> . | I4: =_xlfn.LET(_xlpm.rng,test!I3:K5,IF(test!J4="@",COUNTIF(_xlpm.rng,"@")-COUNTIF(test!J4,"@"),test!J4)) -> 4 | J4: =_xlfn.LET(_xlpm.rng,test!J3:L5,IF(test!K4="@",COUNTIF(_xlpm.rng,"@")-COUNTIF(test!K4,"@"),test!K4)) -> 4
B5: =_xlfn.LET(_xlpm.rng,test!B4:D6,IF(test!C5="@",COUNTIF(_xlpm.rng,"@")-COUNTIF(test!C5,"@"),test!C5)) -> . | C5: =_xlfn.LET(_xlpm.rng,test!C4:E6,IF(test!D5="@",COUNTIF(_xlpm.rng,"@")-COUNTIF(test!D5,"@"),test!D5)) -> 6 | D5: =_xlfn.LET(_xlpm.rng,test!D4:F6,IF(test!E5="@",COUNTIF(_xlpm.rng,"@")-COUNTIF(test!E5,"@"),test!E5)) -> 7 | E5: =_xlfn.LET(_xlpm.rng,test!E4:G6,IF(test!F5="@",COUNTIF(_xlpm.rng,"@")-COUNTIF(test!F5,"@"),test!F5)) -> 7 | F5: =_xlfn.LET(_xlpm.rng,test!F4:H6,IF(test!G5="@",COUNTIF(_xlpm.rng,"@")-COUNTIF(test!G5,"@"),test!G5)) -> 6 | G5: =_xlfn.LET(_xlpm.rng,test!G4:I6,IF(test!H5="@",COUNTIF(_xlpm.rng,"@")-COUNTIF(test!H5,"@"),test!H5)) -> . | H5: =_xlfn.LET(_xlpm.rng,test!H4:J6,IF(test!I5="@",COUNTIF(_xlpm.rng,"@")-COUNTIF(test!I5,"@"),test!I5)) -> . | I5: =_xlfn.LET(_xlpm.rng,test!I4:K6,IF(test!J5="@",COUNTIF(_xlpm.rng,"@")-COUNTIF(test!J5,"@"),test!J5)) -> 4 | J5: =_xlfn.LET(_xlpm.rng,test!J4:L6,IF(test!K5="@",COUNTIF(_xlpm.rng,"@")-COUNTIF(test!K5,"@"),test!K5)) -> .
B6: =_xlfn.LET(_xlpm.rng,test!B5:D7,IF(test!C6="@",COUNTIF(_xlpm.rng,"@")-COUNTIF(test!C6,"@"),test!C6)) -> 5 | C6: =_xlfn.LET(_xlpm.rng,test!C5:E7,IF(test!D6="@",COUNTIF(_xlpm.rng,"@")-COUNTIF(test!D6,"@"),test!D6)) -> . | D6: =_xlfn.LET(_xlpm.rng,test!D5:F7,IF(test!E6="@",COUNTIF(_xlpm.rng,"@")-COUNTIF(test!E6,"@"),test!E6)) -> 7 | E6: =_xlfn.LET(_xlpm.rng,test!E5:G7,IF(test!F6="@",COUNTIF(_xlpm.rng,"@")-COUNTIF(test!F6,"@"),test!F6)) -> 8 | F6: =_xlfn.LET(_xlpm.rng,test!F5:H7,IF(test!G6="@",COUNTIF(_xlpm.rng,"@")-COUNTIF(test!G6,"@"),test!G6)) -> 7 | G6: =_xlfn.LET(_xlpm.rng,test!G5:I7,IF(test!H6="@",COUNTIF(_xlpm.rng,"@")-COUNTIF(test!H6,"@"),test!H6)) -> 5 | H6: =_xlfn.LET(_xlpm.rng,test!H5:J7,IF(test!I6="@",COUNTIF(_xlpm.rng,"@")-COUNTIF(test!I6,"@"),test!I6)) -> . | I6: =_xlfn.LET(_xlpm.rng,test!I5:K7,IF(test!J6="@",COUNTIF(_xlpm.rng,"@")-COUNTIF(test!J6,"@"),test!J6)) -> 4 | J6: =_xlfn.LET(_xlpm.rng,test!J5:L7,IF(test!K6="@",COUNTIF(_xlpm.rng,"@")-COUNTIF(test!K6,"@"),test!K6)) -> 3
B7: =_xlfn.LET(_xlpm.rng,test!B6:D8,IF(test!C7="@",COUNTIF(_xlpm.rng,"@")-COUNTIF(test!C7,"@"),test!C7)) -> 4 | C7: =_xlfn.LET(_xlpm.rng,test!C6:E8,IF(test!D7="@",COUNTIF(_xlpm.rng,"@")-COUNTIF(test!D7,"@"),test!D7)) -> 6 | D7: =_xlfn.LET(_xlpm.rng,test!D6:F8,IF(test!E7="@",COUNTIF(_xlpm.rng,"@")-COUNTIF(test!E7,"@"),test!E7)) -> 5 | E7: =_xlfn.LET(_xlpm.rng,test!E6:G8,IF(test!F7="@",COUNTIF(_xlpm.rng,"@")-COUNTIF(test!F7,"@"),test!F7)) -> 7 | F7: =_xlfn.LET(_xlpm.rng,test!F6:H8,IF(test!G7="@",COUNTIF(_xlpm.rng,"@")-COUNTIF(test!G7,"@"),test!G7)) -> 6 | G7: =_xlfn.LET(_xlpm.rng,test!G6:I8,IF(test!H7="@",COUNTIF(_xlpm.rng,"@")-COUNTIF(test!H7,"@"),test!H7)) -> 6 | H7: =_xlfn.LET(_xlpm.rng,test!H6:J8,IF(test!I7="@",COUNTIF(_xlpm.rng,"@")-COUNTIF(test!I7,"@"),test!I7)) -> 5 | I7: =_xlfn.LET(_xlpm.rng,test!I6:K8,IF(test!J7="@",COUNTIF(_xlpm.rng,"@")-COUNTIF(test!J7,"@"),test!J7)) -> . | J7: =_xlfn.LET(_xlpm.rng,test!J6:L8,IF(test!K7="@",COUNTIF(_xlpm.rng,"@")-COUNTIF(test!K7,"@"),test!K7)) -> 4
B8: =_xlfn.LET(_xlpm.rng,test!B7:D9,IF(test!C8="@",COUNTIF(_xlpm.rng,"@")-COUNTIF(test!C8,"@"),test!C8)) -> 4 | C8: =_xlfn.LET(_xlpm.rng,test!C7:E9,IF(test!D8="@",COUNTIF(_xlpm.rng,"@")-COUNTIF(test!D8,"@"),test!D8)) -> . | D8: =_xlfn.LET(_xlpm.rng,test!D7:F9,IF(test!E8="@",COUNTIF(_xlpm.rng,"@")-COUNTIF(test!E8,"@"),test!E8)) -> 6 | E8: =_xlfn.LET(_xlpm.rng,test!E7:G9,IF(test!F8="@",COUNTIF(_xlpm.rng,"@")-COUNTIF(test!F8,"@"),test!F8)) -> . | F8: =_xlfn.LET(_xlpm.rng,test!F7:H9,IF(test!G8="@",COUNTIF(_xlpm.rng,"@")-COUNTIF(test!G8,"@"),test!G8)) -> 5 | G8: =_xlfn.LET(_xlpm.rng,test!G7:I9,IF(test!H8="@",COUNTIF(_xlpm.rng,"@")-COUNTIF(test!H8,"@"),test!H8)) -> . | H8: =_xlfn.LET(_xlpm.rng,test!H7:J9,IF(test!I8="@",COUNTIF(_xlpm.rng,"@")-COUNTIF(test!I8,"@"),test!I8)) -> 6 | I8: =_xlfn.LET(_xlpm.rng,test!I7:K9,IF(test!J8="@",COUNTIF(_xlpm.rng,"@")-COUNTIF(test!J8,"@"),test!J8)) -> 7 | J8: =_xlfn.LET(_xlpm.rng,test!J7:L9,IF(test!K8="@",COUNTIF(_xlpm.rng,"@")-COUNTIF(test!K8,"@"),test!K8)) -> 4
B9: =_xlfn.LET(_xlpm.rng,test!B8:D10,IF(test!C9="@",COUNTIF(_xlpm.rng,"@")-COUNTIF(test!C9,"@"),test!C9)) -> . | C9: =_xlfn.LET(_xlpm.rng,test!C8:E10,IF(test!D9="@",COUNTIF(_xlpm.rng,"@")-COUNTIF(test!D9,"@"),test!D9)) -> 6 | D9: =_xlfn.LET(_xlpm.rng,test!D8:F10,IF(test!E9="@",COUNTIF(_xlpm.rng,"@")-COUNTIF(test!E9,"@"),test!E9)) -> 6 | E9: =_xlfn.LET(_xlpm.rng,test!E8:G10,IF(test!F9="@",COUNTIF(_xlpm.rng,"@")-COUNTIF(test!F9,"@"),test!F9)) -> 6 | F9: =_xlfn.LET(_xlpm.rng,test!F8:H10,IF(test!G9="@",COUNTIF(_xlpm.rng,"@")-COUNTIF(test!G9,"@"),test!G9)) -> . | G9: =_xlfn.LET(_xlpm.rng,test!G8:I10,IF(test!H9="@",COUNTIF(_xlpm.rng,"@")-COUNTIF(test!H9,"@"),test!H9)) -> 6 | H9: =_xlfn.LET(_xlpm.rng,test!H8:J10,IF(test!I9="@",COUNTIF(_xlpm.rng,"@")-COUNTIF(test!I9,"@"),test!I9)) -> 7 | I9: =_xlfn.LET(_xlpm.rng,test!I8:K10,IF(test!J9="@",COUNTIF(_xlpm.rng,"@")-COUNTIF(test!J9,"@"),test!J9)) -> 7 | J9: =_xlfn.LET(_xlpm.rng,test!J8:L10,IF(test!K9="@",COUNTIF(_xlpm.rng,"@")-COUNTIF(test!K9,"@"),test!K9)) -> 4
B10: =_xlfn.LET(_xlpm.rng,test!B9:D11,IF(test!C10="@",COUNTIF(_xlpm.rng,"@")-COUNTIF(test!C10,"@"),test!C10)) -> 5 | C10: =_xlfn.LET(_xlpm.rng,test!C9:E11,IF(test!D10="@",COUNTIF(_xlpm.rng,"@")-COUNTIF(test!D10,"@"),test!D10)) -> 5 | D10: =_xlfn.LET(_xlpm.rng,test!D9:F11,IF(test!E10="@",COUNTIF(_xlpm.rng,"@")-COUNTIF(test!E10,"@"),test!E10)) -> 7 | E10: =_xlfn.LET(_xlpm.rng,test!E9:G11,IF(test!F10="@",COUNTIF(_xlpm.rng,"@")-COUNTIF(test!F10,"@"),test!F10)) -> 6 | F10: =_xlfn.LET(_xlpm.rng,test!F9:H11,IF(test!G10="@",COUNTIF(_xlpm.rng,"@")-COUNTIF(test!G10,"@"),test!G10)) -> 7 | G10: =_xlfn.LET(_xlpm.rng,test!G9:I11,IF(test!H10="@",COUNTIF(_xlpm.rng,"@")-COUNTIF(test!H10,"@"),test!H10)) -> 6 | H10: =_xlfn.LET(_xlpm.rng,test!H9:J11,IF(test!I10="@",COUNTIF(_xlpm.rng,"@")-COUNTIF(test!I10,"@"),test!I10)) -> 7 | I10: =_xlfn.LET(_xlpm.rng,test!I9:K11,IF(test!J10="@",COUNTIF(_xlpm.rng,"@")-COUNTIF(test!J10,"@"),test!J10)) -> 5 | J10: =_xlfn.LET(_xlpm.rng,test!J9:L11,IF(test!K10="@",COUNTIF(_xlpm.rng,"@")-COUNTIF(test!K10,"@"),test!K10)) -> .
B11: =_xlfn.LET(_xlpm.rng,test!B10:D12,IF(test!C11="@",COUNTIF(_xlpm.rng,"@")-COUNTIF(test!C11,"@"),test!C11)) -> . | C11: =_xlfn.LET(_xlpm.rng,test!C10:E12,IF(test!D11="@",COUNTIF(_xlpm.rng,"@")-COUNTIF(test!D11,"@"),test!D11)) -> 3 | D11: =_xlfn.LET(_xlpm.rng,test!D10:F12,IF(test!E11="@",COUNTIF(_xlpm.rng,"@")-COUNTIF(test!E11,"@"),test!E11)) -> . | E11: =_xlfn.LET(_xlpm.rng,test!E10:G12,IF(test!F11="@",COUNTIF(_xlpm.rng,"@")-COUNTIF(test!F11,"@"),test!F11)) -> 4 | F11: =_xlfn.LET(_xlpm.rng,test!F10:H12,IF(test!G11="@",COUNTIF(_xlpm.rng,"@")-COUNTIF(test!G11,"@"),test!G11)) -> 5 | G11: =_xlfn.LET(_xlpm.rng,test!G10:I12,IF(test!H11="@",COUNTIF(_xlpm.rng,"@")-COUNTIF(test!H11,"@"),test!H11)) -> 4 | H11: =_xlfn.LET(_xlpm.rng,test!H10:J12,IF(test!I11="@",COUNTIF(_xlpm.rng,"@")-COUNTIF(test!I11,"@"),test!I11)) -> . | I11: =_xlfn.LET(_xlpm.rng,test!I10:K12,IF(test!J11="@",COUNTIF(_xlpm.rng,"@")-COUNTIF(test!J11,"@"),test!J11)) -> 2 | J11: =_xlfn.LET(_xlpm.rng,test!J10:L12,IF(test!K11="@",COUNTIF(_xlpm.rng,"@")-COUNTIF(test!K11,"@"),test!K11)) -> .
